{"cameraMode":{"drawMode":0,"name":"Shaded","section":"Shading Mode"},"sceneLighting":true,"audioPlay":false,"sceneViewState":{"m_AlwaysRefresh":false,"showFog":true,"showSkybox":true,"showFlares":true,"showImageEffects":true,"showParticleSystems":true,"showVisualEffectGraphs":true,"m_FxEnabled":true},"in2DMode":false,"pivot":{"x":-19.487377166748048,"y":13.602096557617188,"z":214.64279174804688},"rotation":{"x":-0.09754683077335358,"y":0.09439744800329209,"z":-0.008739675395190716,"w":-0.9907665252685547},"size":52.27006530761719,"orthographic":false}