{"cameraMode":{"drawMode":0,"name":"Shaded","section":"Shading Mode"},"sceneLighting":true,"audioPlay":false,"sceneViewState":{"m_AlwaysRefresh":false,"showFog":true,"showSkybox":true,"showFlares":true,"showImageEffects":true,"showParticleSystems":true,"showVisualEffectGraphs":true,"m_FxEnabled":true},"in2DMode":false,"pivot":{"x":104.74754333496094,"y":15.765594482421875,"z":-63.2222900390625},"rotation":{"x":-0.001813670271076262,"y":0.9963743090629578,"z":-0.08447391539812088,"w":-0.014759109355509282},"size":87.60626983642578,"orthographic":false}