{"cameraMode":{"drawMode":0,"name":"Shaded","section":"Shading Mode"},"sceneLighting":true,"audioPlay":false,"sceneViewState":{"m_AlwaysRefresh":false,"showFog":true,"showSkybox":true,"showFlares":true,"showImageEffects":true,"showParticleSystems":true,"showVisualEffectGraphs":true,"m_FxEnabled":true},"in2DMode":false,"pivot":{"x":-27.780467987060548,"y":41.34098815917969,"z":-37.012298583984378},"rotation":{"x":-0.16297483444213868,"y":-0.06454943120479584,"z":0.011248989030718804,"w":-0.984512209892273},"size":118.44124603271485,"orthographic":false}