{"cameraMode":{"drawMode":0,"name":"Shaded","section":"Shading Mode"},"sceneLighting":true,"audioPlay":false,"sceneViewState":{"m_AlwaysRefresh":false,"showFog":true,"showSkybox":true,"showFlares":true,"showImageEffects":true,"showParticleSystems":true,"showVisualEffectGraphs":true,"m_FxEnabled":true},"in2DMode":false,"pivot":{"x":10.542154312133789,"y":10.032691955566407,"z":308.38702392578127},"rotation":{"x":-0.08299829810857773,"y":0.009450823999941349,"z":-0.00023000997316557914,"w":-0.9965648651123047},"size":90.08306121826172,"orthographic":false}