{"cameraMode":{"drawMode":0,"name":"Shaded","section":"Shading Mode"},"sceneLighting":true,"audioPlay":false,"sceneViewState":{"m_AlwaysRefresh":false,"showFog":true,"showSkybox":true,"showFlares":true,"showImageEffects":true,"showParticleSystems":true,"showVisualEffectGraphs":true,"m_FxEnabled":true},"in2DMode":false,"pivot":{"x":54.957496643066409,"y":111.75210571289063,"z":-55.88889694213867},"rotation":{"x":0.20013676583766938,"y":-0.2125445306301117,"z":0.04416385665535927,"w":0.9554738998413086},"size":299.5094909667969,"orthographic":false}