{"cameraMode":{"drawMode":0,"name":"Shaded","section":"Shading Mode"},"sceneLighting":true,"audioPlay":false,"sceneViewState":{"m_AlwaysRefresh":false,"showFog":true,"showSkybox":true,"showFlares":true,"showImageEffects":true,"showParticleSystems":true,"showVisualEffectGraphs":true,"m_FxEnabled":true},"in2DMode":false,"pivot":{"x":-28.654998779296876,"y":55.57362747192383,"z":-32.00957489013672},"rotation":{"x":-0.16297483444213868,"y":-0.06454943120479584,"z":0.011248989030718804,"w":-0.984512209892273},"size":1.6010327339172364,"orthographic":false}